{
  "type": "minecraft:crafting_shaped",
  "category": "equipment",
  "pattern": [
    "iii",
    " s ",
    " s "
  ],
  "key": {
    "i": "minecraft:copper_ingot",
    "s": "minecraft:stick"
  },
  "result": {
    "id": "minecraft:stone_pickaxe",
    "count": 1,
    "components": {
      "minecraft:item_name":  {
        "text": "Copper Pickaxe"
      },
      "minecraft:item_model": "bbw:copper_pickaxe",
      "minecraft:tool": {
        "rules": [
          {
            "blocks": "#bbw:copper_minable",
            "speed": 5,
            "correct_for_drops": true
          }
        ]
      }
    }
  }
}
