{
  "type": "minecraft:crafting_shaped",
  "category": "equipment",
  "pattern": [
    " i ",
    " i ",
    " s "
  ],
  "key": {
    "i": "minecraft:copper_ingot",
    "s":"minecraft:stick"
  },
  "result": {
    "id": "minecraft:stone_sword",
    "count": 1,
    "components": {
    "minecraft:tooltip_display": {
        "hidden_components": [
          "minecraft:attribute_modifiers"
        ]
      },

      "minecraft:item_name":  {
        "text": "Copper Sword"
      },
      "minecraft:item_model": "bbw:copper_sword",
     "minecraft:attribute_modifiers": [
          {
            "id": "237466234",
            "type": "minecraft:attack_damage",
            "amount": 5,
            "operation": "add_value",
            "slot": "mainhand"
          },
          {
            "id": "364525375",
            "type": "minecraft:attack_speed",
            "amount": -2.4,
            "operation": "add_value",
            "slot": "mainhand"
          }
        ],
      "minecraft:lore": [
        {
          "text": " "
        },
        {
          "text": "When in Main Hand",
          "color": "gray",
          "italic": false
        },
        {
          "text": "6 Attack Damage",
          "color": "dark_green",
          "italic": false
        },
        {
          "text": "1.6 Attack Speed",
          "color": "dark_green",
          "italic": false
        }
      ]
    }
  }
}
