{
  "type": "minecraft:crafting_shaped",
  "category": "equipment",
  "pattern": [
    " ii",
    " si",
    "s  "
  ],
  "key": {
    "i": "minecraft:diamond",
    "s": "minecraft:stick"
  },
  "result": {
    "id": "minecraft:iron_sword",
    "count": 1,
    "components": {
    "minecraft:tooltip_display": {
        "hidden_components": [
          "minecraft:attribute_modifiers"
        ]
      },

      "minecraft:item_name":  {
        "text": "Diamond Spear"
      },
     "minecraft:attribute_modifiers": [
          {
            "id": "632745267354",
            "type": "minecraft:attack_speed",
            "amount": -3,
            "operation": "add_value",
            "slot": "mainhand"
          },
          {
            "id": "236423645",
            "type": "minecraft:attack_damage",
            "amount": 5,
            "operation": "add_value",
            "slot": "mainhand"
          },
          {
            "id": "236453645364342",
            "type": "minecraft:entity_interaction_range",
            "amount": 2,
            "operation": "add_value",
            "slot": "mainhand"
          }
        ],
      "minecraft:item_model": "bbw:diamond_spear",
      "minecraft:lore": [
        {
          "text": " "
        },
        {
          "text": "When in Main Hand",
          "color": "gray",
          "italic": false
        },
        {
          "text": "6 Attack Damage",
          "color": "dark_green",
          "italic": false
        },
        {
          "text": "1 Attack Speed",
          "color": "dark_green",
          "italic": false
        }
      ],
      "minecraft:rarity": "common",
      "minecraft:max_damage": 1561
    }
  }
}
