{
  "type": "minecraft:crafting_shaped",
  "category": "equipment",
  "pattern": [
    "iii",
    "isi",
    " s "
  ],
  "key": {
    "i": "minecraft:diamond",
    "s": "minecraft:stick"
  },
  "result": {
    "id": "minecraft:iron_sword",
    "count": 1,
    "components": {
    "minecraft:tooltip_display": {
        "hidden_components": [
          "minecraft:attribute_modifiers"
        ]
      },

      "minecraft:item_name":  {
        "text": "Diamond Battleaxe"
      },
     "minecraft:attribute_modifiers": [
          {
            "id": "367564535453459856",
            "type": "minecraft:attack_speed",
            "amount": -3.5,
            "operation": "add_value",
            "slot": "mainhand"
          },
          {
            "id": "364345425347856564",
            "type": "minecraft:attack_damage",
            "amount": 11,
            "operation": "add_value",
            "slot": "mainhand"
          },
          {
            "id": "346756345626534545327",
            "type": "minecraft:entity_interaction_range",
            "amount": 0,
            "operation": "add_value",
            "slot": "mainhand"
          }
        ],
      "minecraft:item_model": "bbw:diamond_battleaxe",
      "minecraft:lore": [
        {
          "text": " "
        },
        {
          "text": "When in Main Hand",
          "color": "gray",
          "italic": false
        },
        {
          "text": "12 Attack Damage",
          "color": "dark_green",
          "italic": false
        },
        {
          "text": "0.5 Attack Speed",
          "color": "dark_green",
          "italic": false
        }
      ],
      "minecraft:rarity": "common",
      "minecraft:max_damage": 1561
    }
  }
}
