{
  "type": "minecraft:crafting_shaped",
  "category": "equipment",
  "pattern": [
    "iii",
    "iai",
    "iii"
  ],
  "key": {
    "i": "minecraft:iron_block",
    "a": "minecraft:apple"
  },
  "result": {
    "id": "minecraft:golden_apple",
    "count": 1,
    "components": {
      "minecraft:item_model": "bbw:iron_apple",
      "minecraft:food": {
        "nutrition": 6,
        "saturation": 7
      },
      "minecraft:rarity": "rare",
      "minecraft:item_name":  {
        "text": "Enchanted Iron Apple"
      },
      "minecraft:enchantment_glint_override": true,
      "minecraft:consumable": {
        "on_consume_effects": [
          {
            "type": "minecraft:apply_effects",
            "effects": [
              {
                "id": "minecraft:strength",
                "amplifier": 1,
                "duration": 1800,
                "show_particles": true,
                "show_icon": true
              },
              {
                "id": "minecraft:resistance",
                "amplifier": 0,
                "duration": 1800,
                "show_particles": true,
                "show_icon": true
              },
              {
                "id": "minecraft:absorption",
                "amplifier": 0,
                "duration": 1200,
                "show_particles": true,
                "show_icon": true
              }
            ]
          }
        ]
      }
    }
  }
}
