{
  "type": "minecraft:crafting_shaped",
  "category": "equipment",
  "pattern": [
    "iii",
    "isi",
    " s "
  ],
  "key": {
    "i": "minecraft:gold_ingot",
    "s": "minecraft:stick"
  },
  "result": {
    "id": "minecraft:golden_axe",
    "count": 1,
    "components": {
    "minecraft:tooltip_display": {
        "hidden_components": [
          "minecraft:attribute_modifiers"
        ]
      },

      "minecraft:item_name":  {
        "text": "Golden Battleaxe"
      },
     "minecraft:attribute_modifiers": [
          {
            "id": "2354235521534237367",
            "type": "minecraft:attack_speed",
            "amount": -3.5,
            "operation": "add_value",
            "slot": "mainhand"
          },
          {
            "id": "2364523525345273",
            "type": "minecraft:attack_damage",
            "amount": 9,
            "operation": "add_value",
            "slot": "mainhand"
          },
          {
            "id": "364565365266254872",
            "type": "minecraft:entity_interaction_range",
            "amount": 0,
            "operation": "add_value",
            "slot": "mainhand"
          }
        ],
      "minecraft:item_model": "bbw:golden_battleaxe",
      "minecraft:lore": [
        {
          "text": " "
        },
        {
          "text": "When in Main Hand",
          "color": "gray",
          "italic": false
        },
        {
          "text": "8 Attack Damage",
          "color": "dark_green",
          "italic": false
        },
        {
          "text": "0.5 Attack Speed",
          "color": "dark_green",
          "italic": false
        }
      ]
    }
  }
}
