{
  "type": "minecraft:crafting_shaped",
  "category": "equipment",
  "pattern": [
    " e ",
    "gig",
    " g "
  ],
  "key": {
    "e": "minecraft:amethyst_shard",
    "i": "minecraft:netherite_ingot",
    "g": "minecraft:gold_ingot"
  },
  "result": {
    "id": "minecraft:command_block",
    "count": 1,
    "components": {
    "minecraft:tooltip_display": {
        "hidden_components": [
          "minecraft:attribute_modifiers"
        ]
      },

      "minecraft:item_model": "bbw:health_totem",
      "minecraft:item_name":  {
        "text": "Totem of Health"
      },
     "minecraft:attribute_modifiers": [
          {
            "id": "263467354354623546",
            "type": "minecraft:max_health",
            "amount": 8,
            "operation": "add_value",
            "slot": "hand"
          }
        ],
      "minecraft:rarity": "uncommon",
      "minecraft:max_stack_size": 1
  }
}
}
