{
  "type": "minecraft:crafting_shaped",
  "category": "misc",
  "pattern": [
    "iii",
    "iai",
    "iii"
  ],
  "key": {
    "i": "minecraft:iron_ingot",
    "a": "minecraft:apple"
  },
  "result": {
    "id": "minecraft:golden_apple",
    "count": 1,
    "components": {
      "minecraft:item_model": "bbw:iron_apple",
      "minecraft:food": {
        "nutrition": 4,
        "saturation": 4
      },
      "minecraft:rarity": "uncommon",
      "minecraft:item_name":  {
        "text": "Iron Apple"
      },
      "minecraft:consumable": {
        "on_consume_effects": [
          {
            "type": "minecraft:apply_effects",
            "effects": [
              {
                "id": "minecraft:strength",
                "amplifier": 0,
                "duration": 1800
              },
              {
                "id": "minecraft:resistance",
                "amplifier": 0,
                "duration": 1800
              }
            ]
          }
        ]
      }
    }
  }
}
