{
  "type": "minecraft:crafting_shaped",
  "category": "equipment",
  "pattern": [
    "ioi",
    "isi",
    " s "
  ],
  "key": {
    "i": "minecraft:diamond",
    "s": "minecraft:stick",
    "o": "minecraft:netherite_ingot"
  },
  "result": {
    "id": "minecraft:iron_sword",
    "count": 1,
    "components": {
    "minecraft:tooltip_display": {
        "hidden_components": [
          "minecraft:attribute_modifiers"
        ]
      },

      "minecraft:item_name":  {
        "text": "Netherite Battleaxe"
      },
     "minecraft:attribute_modifiers": [
          {
            "id": "27342369762772364",
            "type": "minecraft:attack_speed",
            "amount": -3.5,
            "operation": "add_value",
            "slot": "mainhand"
          },
          {
            "id": "672364523675673546",
            "type": "minecraft:attack_damage",
            "amount": 12,
            "operation": "add_value",
            "slot": "mainhand"
          },
          {
            "id": "237842376473647",
            "type": "minecraft:entity_interaction_range",
            "amount": 0,
            "operation": "add_value",
            "slot": "mainhand"
          }
        ],
      "minecraft:item_model": "bbw:netherite_battleaxe",
      "minecraft:lore": [
        {
          "text": " "
        },
        {
          "text": "When in Main Hand",
          "color": "gray",
          "italic": false
        },
        {
          "text": "13 Attack Damage",
          "color": "dark_green",
          "italic": false
        },
        {
          "text": "0.5 Attack Speed",
          "color": "dark_green",
          "italic": false
        }
      ],
      "minecraft:rarity": "common",
      "minecraft:max_damage": 2031,
      "minecraft:damage_resistant": {
        "types": "#minecraft:is_fire"
      }
    }
  }
}
