{
  "type": "minecraft:crafting_shaped",
  "category": "equipment",
  "pattern": [
    "   ",
    " i ",
    "s  "
  ],
  "key": {
    "i": "minecraft:netherite_ingot",
    "s": "minecraft:stick"
  },
  "result": {
    "id": "minecraft:iron_sword",
    "count": 1,
    "components": {
    "minecraft:tooltip_display": {
        "hidden_components": [
          "minecraft:attribute_modifiers"
        ]
      },

      "minecraft:item_name":  {
        "text": "Netherite Dagger"
      },
     "minecraft:attribute_modifiers": [
          {
            "id": "2374672346723647234767634",
            "type": "minecraft:attack_speed",
            "amount": -2.2,
            "operation": "add_value",
            "slot": "mainhand"
          },
          {
            "id": "2364563456575762346",
            "type": "minecraft:attack_damage",
            "amount": 5,
            "operation": "add_value",
            "slot": "mainhand"
          },
          {
            "id": "127936645352234",
            "type": "minecraft:entity_interaction_range",
            "amount": -1,
            "operation": "add_value",
            "slot": "mainhand"
          }
        ],
      "minecraft:item_model": "bbw:netherite_dagger",
      "minecraft:lore": [
        {
          "text": " "
        },
        {
          "text": "When in Main Hand",
          "color": "gray",
          "italic": false
        },
        {
          "text": "6 Attack Damage",
          "color": "dark_green",
          "italic": false
        },
        {
          "text": "1.8 Attack Speed",
          "color": "dark_green",
          "italic": false
        }
      ],
      "minecraft:rarity": "common",
      "minecraft:max_damage": 2031,
      "minecraft:damage_resistant": {
        "types": "#minecraft:is_fire"
      }
    }
  }
}
