{
  "type": "minecraft:crafting_shaped",
  "category": "equipment",
  "pattern": [
    " io",
    " si",
    "s  "
  ],
  "key": {
    "i": "minecraft:diamond",
    "s": "minecraft:stick",
    "o": "minecraft:netherite_ingot"
  },
  "result": {
    "id": "minecraft:iron_sword",
    "count": 1,
    "components": {
    "minecraft:tooltip_display": {
        "hidden_components": [
          "minecraft:attribute_modifiers"
        ]
      },

      "minecraft:item_name":  {
        "text": "Netherite Spear"
      },
     "minecraft:attribute_modifiers": [
          {
            "id": "236435462343324",
            "type": "minecraft:attack_speed",
            "amount": -3,
            "operation": "add_value",
            "slot": "mainhand"
          },
          {
            "id": "23678462354653645",
            "type": "minecraft:attack_damage",
            "amount": 6,
            "operation": "add_value",
            "slot": "mainhand"
          },
          {
            "id": "2367345674234",
            "type": "minecraft:entity_interaction_range",
            "amount": 2,
            "operation": "add_value",
            "slot": "mainhand"
          }
        ],
      "minecraft:item_model": "bbw:netherite_spear",
      "minecraft:lore": [
        {
          "text": " "
        },
        {
          "text": "When in Main Hand",
          "color": "gray",
          "italic": false
        },
        {
          "text": "7 Attack Damage",
          "color": "dark_green",
          "italic": false
        },
        {
          "text": "1 Attack Speed",
          "color": "dark_green",
          "italic": false
        }
      ],
      "minecraft:rarity": "common",
      "minecraft:max_damage": 2031,
      "minecraft:damage_resistant": {
        "types": "#minecraft:is_fire"
      }
    }
  }
}
