{
  "type": "minecraft:crafting_shaped",
  "category": "equipment",
  "pattern": [
    "iii",
    "isi",
    " s "
  ],
  "key": {
    "i": "minecraft:cobblestone",
    "s": "minecraft:stick"
  },
  "result": {
    "id": "minecraft:stone_axe",
    "count": 1,
    "components": {
    "minecraft:tooltip_display": {
        "hidden_components": [
          "minecraft:attribute_modifiers"
        ]
      },

      "minecraft:item_name":  {
        "text": "Stone Battleaxe"
      },
     "minecraft:attribute_modifiers": [
          {
            "id": "6126235423654623567235",
            "type": "minecraft:attack_speed",
            "amount": -3.5,
            "operation": "add_value",
            "slot": "mainhand"
          },
          {
            "id": "23674562354623546723546",
            "type": "minecraft:attack_damage",
            "amount": 9,
            "operation": "add_value",
            "slot": "mainhand"
          },
          {
            "id": "2367843684623675254253",
            "type": "minecraft:entity_interaction_range",
            "amount": 0,
            "operation": "add_value",
            "slot": "mainhand"
          }
        ],
      "minecraft:item_model": "bbw:stone_battleaxe",
      "minecraft:lore": [
        {
          "text": " "
        },
        {
          "text": "When in Main Hand",
          "color": "gray",
          "italic": false
        },
        {
          "text": "10 Attack Damage",
          "color": "dark_green",
          "italic": false
        },
        {
          "text": "0.5 Attack Speed",
          "color": "dark_green",
          "italic": false
        }
      ]
    }
  }
}
