{
  "type": "minecraft:crafting_shaped",
  "category": "equipment",
  "pattern": [
    " ii",
    " si",
    "s  "
  ],
  "key": {
    "i":"#minecraft:planks",
    "s": "minecraft:stick"
  },
  "result": {
    "id": "minecraft:wooden_sword",
    "count": 1,
    "components": {
    "minecraft:tooltip_display": {
        "hidden_components": [
          "minecraft:attribute_modifiers"
        ]
      },

      "minecraft:item_name":  {
        "text": "Wooden Spear"
      },
     "minecraft:attribute_modifiers": [
          {
            "id": "2651293849475786734",
            "type": "minecraft:attack_speed",
            "amount": -3,
            "operation": "add_value",
            "slot": "mainhand"
          },
          {
            "id": "-12893783467364563",
            "type": "minecraft:attack_damage",
            "amount": 3,
            "operation": "add_value",
            "slot": "mainhand"
          },
          {
            "id": "236746234678237462374",
            "type": "minecraft:entity_interaction_range",
            "amount": 2,
            "operation": "add_value",
            "slot": "mainhand"
          }
        ],
      "minecraft:item_model": "bbw:wooden_spear",
      "minecraft:lore": [
        {
          "text": " "
        },
        {
          "text": "When in Main Hand",
          "color": "gray",
          "italic": false
        },
        {
          "text": "4 Attack Damage",
          "color": "dark_green",
          "italic": false
        },
        {
          "text": "1 Attack Speed",
          "color": "dark_green",
          "italic": false
        }
      ]
    }
  }
}
