{
  "type": "minecraft:entity",
  "pools": [
    {
      "rolls": 1,
      "entries": [
        {
          "type": "minecraft:item",
          "name": "minecraft:totem_of_undying"
        }
      ],
      "conditions": [
        {
          "condition": "minecraft:random_chance",
          "chance": 0.15
        }
      ]
    },
    {
      "rolls": 1,
      "entries": [
        {
          "type": "minecraft:item",
          "name": "minecraft:command_block"
        }
      ],
      "functions": [
        {
          "function": "minecraft:set_components",
          "minecraft:tooltip_display": {
            "hidden_components": [
              "minecraft:attribute_modifiers"
            ]
          },
    
          "minecraft:item_model": "bbw:def_totem",
          "minecraft:item_name":  {
            "text": "Totem of Defense"
          },
         "minecraft:attribute_modifiers": [
              {
                "id": "23572342254245",
                "type": "minecraft:armor_toughness",
                "amount": 1,
                "operation": "add_value",
                "slot": "hand"
              },
              {
                "id": "39237846346646354",
                "type": "minecraft:armor",
                "amount": 4,
                "operation": "add_value",
                "slot": "hand"
              }
            ],
          "minecraft:rarity": "uncommon",
          "minecraft:max_stack_size": 1
        }
      ],
      "conditions": [
        {
          "condition": "minecraft:random_chance",
          "chance": 0.15
        }
      ]
    },
    {
      "rolls": 1,
      "entries": [
        {
          "type": "minecraft:item",
          "name": "minecraft:command_block"
        }
      ],
      "functions": [
        {
          "function": "minecraft:set_components",
          "components": {
            "minecraft:tooltip_display": {
              "hidden_components": [
                "minecraft:attribute_modifiers"
              ]
            },
      
            "minecraft:item_model": "bbw:health_totem",
            "minecraft:item_name":  {
              "text": "Totem of Health"
            },
           "minecraft:attribute_modifiers": [
                {
                  "id": "263467354354623546",
                  "type": "minecraft:max_health",
                  "amount": 8,
                  "operation": "add_value",
                  "slot": "hand"
                }
              ],
            "minecraft:rarity": "uncommon",
            "minecraft:max_stack_size": 1
          }
        }
      ],
      "conditions": [
        {
          "condition": "minecraft:random_chance",
          "chance": 0.15
        }
      ]
    },
    {
      "rolls": 1,
      "bonus_rolls": 0,
      "entries": [
        {
          "type": "minecraft:item",
          "name": "minecraft:command_block"
        }
      ],
      "functions": [
        {
          "function": "minecraft:set_components",
          "components": {
            "minecraft:tooltip_display": {
              "hidden_components": [
                "minecraft:attribute_modifiers"
              ]
            },
            "minecraft:item_model": "bbw:speed_totem",
            "minecraft:item_name":  {
              "text": "Totem of Speed"
            },
           "minecraft:attribute_modifiers": [
                {
                  "id": "23646342356456235464574856346364",
                  "type": "minecraft:movement_speed",
                  "amount": 0.1,
                  "operation": "add_value",
                  "slot": "hand"
                }
              ],
            "minecraft:rarity": "uncommon",
            "minecraft:max_stack_size": 1
          }
        }
      ],
      "conditions": [
        {
          "condition": "minecraft:random_chance",
          "chance": 0.15
        }
      ]
    },
    {
      "rolls": 1,
      "bonus_rolls": 0,
      "entries": [
        {
          "type": "minecraft:item",
          "name": "minecraft:emerald",
          "functions": [
            {
              "function": "minecraft:set_count",
              "count": {
                "type": "minecraft:uniform",
                "min": 0,
                "max": 1
              },
              "add": false
            },
            {
              "function": "minecraft:enchanted_count_increase",
              "enchantment": "minecraft:fortune",
              "count": {
                "type": "minecraft:uniform",
                "min": 0,
                "max": 1
              }
            }
          ]
        }
      ],
      "conditions": [
        {
          "condition": "minecraft:killed_by_player"
        }
      ]
    }
  ],
  "random_sequence": "minecraft:entities/evoker"
}
